<?xml version="1.0" encoding="UTF-8" ?>
<workload name="delete-500Workers-64k" description="sample benchmark for s3">

  <storage type="s3" config="accesskey=LASTQG3HJVVQF310SD2U;secretkey=MboBU2RfEK4imC4rc+fyZxNNA3ymhkWh0dPeonxZ;endpoint=http://10.32.37.71:80" />

  <workflow>
    
  <workstage name="delete 64k data with 500 workers SSD">
       <work name="Del64KBData" workers="500" totalOps="100000">
         <operation type="delete" ratio="100" config="cprefix=test;oprefix=500wks_64k;containers=c(1);objects=s(1,100000)" />
       </work>
    </workstage>
</workflow>

</workload>
