<?xml version="1.0" encoding="UTF-8" ?>
<workload name="put-500Workers-64k-destructive" description="sample benchmark for s3">

  <storage type="s3" config="accesskey=LASTQG3HJVVQF310SD2U;secretkey=MboBU2RfEK4imC4rc+fyZxNNA3ymhkWh0dPeonxZ;endpoint=http://10.32.37.71:80" />

  <workflow>
    
  <workstage name="put 64k data with 500 workers">
       <work name="Put64kDataDestructive" workers="500" totalOps="100000">
         <operation type="write" ratio="100" config="cprefix=test;oprefix=500wks_64k_destructive;containers=c(1);objects=s(1,100000);sizes=c(64)KB" />
       </work>
    </workstage>
</workflow>

</workload>
